{
  "Routes": [
    {
      "DownstreamPathTemplate": "/api/{version}/{everything}",
      "DownstreamScheme": "https",
      "DownstreamHostAndPorts": [
        { "Host": "localhost", "Port": 5001 },
        { "Host": "localhost", "Port": 5002 },
        { "Host": "localhost", "Port": 5003 }
      ],
      "UpstreamPathTemplate": "/api/{version}/{everything}",
      "UpstreamHttpMethod": [ "GET", "POST", "PUT", "DELETE" ],
      "LoadBalancerOptions": {
        "Type": "RoundRobin"
      },
      "RateLimitOptions": {
        "ClientWhitelist": [],
        "EnableRateLimiting": true,
        "Period": "1s",
        "PeriodTimespan": 1,
        "Limit": 100
      },
      "QoSOptions": {
        "ExceptionsAllowedBeforeBreaking": 3,
        "DurationOfBreak": 10000,
        "TimeoutValue": 5000
      }
    },
    {
      "DownstreamPathTemplate": "/hubs/{hubname}",
      "DownstreamScheme": "wss",
      "DownstreamHostAndPorts": [
        { "Host": "localhost", "Port": 5001 },
        { "Host": "localhost", "Port": 5002 }
      ],
      "UpstreamPathTemplate": "/hubs/{hubname}",
      "UpstreamHttpMethod": [ "GET", "CONNECT" ],
      "LoadBalancerOptions": {
        "Type": "LeastConnection"
      }
    }
  ],
  "GlobalConfiguration": {
    "BaseUrl": "https://localhost:5000",
    "RequestIdKey": "OcRequestId",
    "AdministrationPath": "/administration"
  }
}
